{
  "experiments/results/deimv2_cpu_Atto_1080x1920/conf/detector.yaml": 41.59320000326261,
  "experiments/results/deimv2_cpu_Atto_1080x960/conf/detector.yaml": 69.5865000016056,
  "experiments/results/deimv2_cpu_Atto_540x640/conf/detector.yaml": 100.21667500259355,
  "experiments/results/deimv2_cpu_Atto_540x960/conf/detector.yaml": 81.96243320126086,
  "experiments/results/deimv2_cpu_Femto_1080x1920/conf/detector.yaml": 48.17097500199452,
  "experiments/results/deimv2_cpu_Femto_1080x960/conf/detector.yaml": 81.58757500350475,
  "experiments/results/deimv2_cpu_Femto_540x640/conf/detector.yaml": 170.77693339670077,
  "experiments/results/deimv2_cpu_Femto_540x960/conf/detector.yaml": 127.36806659959257,
  "experiments/results/deimv2_cpu_L_1080x1920/conf/detector.yaml": 249.77629999630153,
  "experiments/results/deimv2_cpu_L_1080x960/conf/detector.yaml": 451.4197333948687,
  "experiments/results/deimv2_cpu_L_540x640/conf/detector.yaml": 1268.7193750054576,
  "experiments/results/deimv2_cpu_L_540x960/conf/detector.yaml": 865.4920667991973,
  "experiments/results/deimv2_cpu_M_1080x1920/conf/detector.yaml": 169.5642750011757,
  "experiments/results/deimv2_cpu_M_1080x960/conf/detector.yaml": 355.10856659384444,
  "experiments/results/deimv2_cpu_M_540x640/conf/detector.yaml": 961.2307333969511,
  "experiments/results/deimv2_cpu_M_540x960/conf/detector.yaml": 669.2378249950707,
  "experiments/results/deimv2_cpu_N_1080x1920/conf/detector.yaml": 131.54091659234837,
  "experiments/results/deimv2_cpu_N_1080x960/conf/detector.yaml": 239.18504160828888,
  "experiments/results/deimv2_cpu_N_540x640/conf/detector.yaml": 532.6001418055966,
  "experiments/results/deimv2_cpu_N_540x960/conf/detector.yaml": 431.76192499231547,
  "experiments/results/deimv2_cpu_Pico_1080x1920/conf/detector.yaml": 77.26309999125078,
  "experiments/results/deimv2_cpu_Pico_1080x960/conf/detector.yaml": 143.8444665982388,
  "experiments/results/deimv2_cpu_Pico_540x640/conf/detector.yaml": 383.16419180482626,
  "experiments/results/deimv2_cpu_Pico_540x960/conf/detector.yaml": 256.06085821054876,
  "experiments/results/deimv2_cpu_S_1080x1920/conf/detector.yaml": 125.73082499438898,
  "experiments/results/deimv2_cpu_S_1080x960/conf/detector.yaml": 243.19204180501401,
  "experiments/results/deimv2_cpu_S_540x640/conf/detector.yaml": 657.4509750003926,
  "experiments/results/deimv2_cpu_S_540x960/conf/detector.yaml": 418.88764180475846,
  "experiments/results/deimv2_cpu_X_1080x1920/conf/detector.yaml": 341.87382500385866,
  "experiments/results/deimv2_cpu_X_1080x960/conf/detector.yaml": 622.452383406926,
  "experiments/results/deimv2_cpu_X_540x640/conf/detector.yaml": 1761.9253500015475,
  "experiments/results/deimv2_cpu_X_540x960/conf/detector.yaml": 1222.6171665941365
}
